url,coverageState,verdict,lastCrawlTime,googleCanonical,userCanonical,indexingState,fetchState,pageFetchState
https://search.cqqvl.cc/category/28,URL is unknown to Google,NEUTRAL,,,,INDEXING_STATE_UNSPECIFIED,,PAGE_FETCH_STATE_UNSPECIFIED
https://search.cqqvl.cc/tg/post/30,URL is unknown to Google,NEUTRAL,,,,INDEXING_STATE_UNSPECIFIED,,PAGE_FETCH_STATE_UNSPECIFIED
https://search.cqqvl.cc/tg/post/31,URL is unknown to Google,NEUTRAL,,,,INDEXING_STATE_UNSPECIFIED,,PAGE_FETCH_STATE_UNSPECIFIED
https://search.cqqvl.cc/tg/post/32,URL is unknown to Google,NEUTRAL,,,,INDEXING_STATE_UNSPECIFIED,,PAGE_FETCH_STATE_UNSPECIFIED
https://search.cqqvl.cc/tg/post/33,URL is unknown to Google,NEUTRAL,,,,INDEXING_STATE_UNSPECIFIED,,PAGE_FETCH_STATE_UNSPECIFIED
https://search.cqqvl.cc/tg/post/34,URL is unknown to Google,NEUTRAL,,,,INDEXING_STATE_UNSPECIFIED,,PAGE_FETCH_STATE_UNSPECIFIED
https://search.cqqvl.cc/tg/post/35,URL is unknown to Google,NEUTRAL,,,,INDEXING_STATE_UNSPECIFIED,,PAGE_FETCH_STATE_UNSPECIFIED
https://search.cqqvl.cc/tg/post/36,URL is unknown to Google,NEUTRAL,,,,INDEXING_STATE_UNSPECIFIED,,PAGE_FETCH_STATE_UNSPECIFIED
https://search.cqqvl.cc/tg/post/37,URL is unknown to Google,NEUTRAL,,,,INDEXING_STATE_UNSPECIFIED,,PAGE_FETCH_STATE_UNSPECIFIED
https://search.cqqvl.cc/tg/post/38,URL is unknown to Google,NEUTRAL,,,,INDEXING_STATE_UNSPECIFIED,,PAGE_FETCH_STATE_UNSPECIFIED
https://search.cqqvl.cc/tg/post/39,URL is unknown to Google,NEUTRAL,,,,INDEXING_STATE_UNSPECIFIED,,PAGE_FETCH_STATE_UNSPECIFIED
https://search.cqqvl.cc/tg/post/40,URL is unknown to Google,NEUTRAL,,,,INDEXING_STATE_UNSPECIFIED,,PAGE_FETCH_STATE_UNSPECIFIED
https://search.cqqvl.cc/tg/post/41,URL is unknown to Google,NEUTRAL,,,,INDEXING_STATE_UNSPECIFIED,,PAGE_FETCH_STATE_UNSPECIFIED
https://search.cqqvl.cc/tg/post/42,URL is unknown to Google,NEUTRAL,,,,INDEXING_STATE_UNSPECIFIED,,PAGE_FETCH_STATE_UNSPECIFIED
https://search.cqqvl.cc/tg/post/43,URL is unknown to Google,NEUTRAL,,,,INDEXING_STATE_UNSPECIFIED,,PAGE_FETCH_STATE_UNSPECIFIED
https://search.cqqvl.cc/tg/post/44,URL is unknown to Google,NEUTRAL,,,,INDEXING_STATE_UNSPECIFIED,,PAGE_FETCH_STATE_UNSPECIFIED
https://search.cqqvl.cc/tg/post/45,URL is unknown to Google,NEUTRAL,,,,INDEXING_STATE_UNSPECIFIED,,PAGE_FETCH_STATE_UNSPECIFIED
https://search.cqqvl.cc/tg/post/46,URL is unknown to Google,NEUTRAL,,,,INDEXING_STATE_UNSPECIFIED,,PAGE_FETCH_STATE_UNSPECIFIED
https://search.cqqvl.cc/tg/post/47,URL is unknown to Google,NEUTRAL,,,,INDEXING_STATE_UNSPECIFIED,,PAGE_FETCH_STATE_UNSPECIFIED
https://search.cqqvl.cc/tg/post/48,URL is unknown to Google,NEUTRAL,,,,INDEXING_STATE_UNSPECIFIED,,PAGE_FETCH_STATE_UNSPECIFIED
https://search.cqqvl.cc/tg/post/50,URL is unknown to Google,NEUTRAL,,,,INDEXING_STATE_UNSPECIFIED,,PAGE_FETCH_STATE_UNSPECIFIED
https://search.cqqvl.cc/tg/post/51,URL is unknown to Google,NEUTRAL,,,,INDEXING_STATE_UNSPECIFIED,,PAGE_FETCH_STATE_UNSPECIFIED
https://search.cqqvl.cc/tg/post/52,URL is unknown to Google,NEUTRAL,,,,INDEXING_STATE_UNSPECIFIED,,PAGE_FETCH_STATE_UNSPECIFIED
https://search.cqqvl.cc/tg/post/53,URL is unknown to Google,NEUTRAL,,,,INDEXING_STATE_UNSPECIFIED,,PAGE_FETCH_STATE_UNSPECIFIED
https://search.cqqvl.cc/tg/post/54,URL is unknown to Google,NEUTRAL,,,,INDEXING_STATE_UNSPECIFIED,,PAGE_FETCH_STATE_UNSPECIFIED
https://search.cqqvl.cc/tg/post/55,URL is unknown to Google,NEUTRAL,,,,INDEXING_STATE_UNSPECIFIED,,PAGE_FETCH_STATE_UNSPECIFIED
https://search.cqqvl.cc/tg/post/56,URL is unknown to Google,NEUTRAL,,,,INDEXING_STATE_UNSPECIFIED,,PAGE_FETCH_STATE_UNSPECIFIED
https://search.cqqvl.cc/tg/post/57,URL is unknown to Google,NEUTRAL,,,,INDEXING_STATE_UNSPECIFIED,,PAGE_FETCH_STATE_UNSPECIFIED
https://search.cqqvl.cc/tg/post/58,URL is unknown to Google,NEUTRAL,,,,INDEXING_STATE_UNSPECIFIED,,PAGE_FETCH_STATE_UNSPECIFIED
https://search.cqqvl.cc/tg/post/59,URL is unknown to Google,NEUTRAL,,,,INDEXING_STATE_UNSPECIFIED,,PAGE_FETCH_STATE_UNSPECIFIED
https://search.cqqvl.cc/tg/post/60,URL is unknown to Google,NEUTRAL,,,,INDEXING_STATE_UNSPECIFIED,,PAGE_FETCH_STATE_UNSPECIFIED
https://search.cqqvl.cc/tg/post/61,URL is unknown to Google,NEUTRAL,,,,INDEXING_STATE_UNSPECIFIED,,PAGE_FETCH_STATE_UNSPECIFIED
https://search.cqqvl.cc/tg/post/62,URL is unknown to Google,NEUTRAL,,,,INDEXING_STATE_UNSPECIFIED,,PAGE_FETCH_STATE_UNSPECIFIED
https://search.cqqvl.cc/tg/post/63,URL is unknown to Google,NEUTRAL,,,,INDEXING_STATE_UNSPECIFIED,,PAGE_FETCH_STATE_UNSPECIFIED
https://search.cqqvl.cc/tg/post/64,URL is unknown to Google,NEUTRAL,,,,INDEXING_STATE_UNSPECIFIED,,PAGE_FETCH_STATE_UNSPECIFIED
https://search.cqqvl.cc/tg/post/65,URL is unknown to Google,NEUTRAL,,,,INDEXING_STATE_UNSPECIFIED,,PAGE_FETCH_STATE_UNSPECIFIED
https://search.cqqvl.cc/tg/post/66,URL is unknown to Google,NEUTRAL,,,,INDEXING_STATE_UNSPECIFIED,,PAGE_FETCH_STATE_UNSPECIFIED
https://search.cqqvl.cc/tg/post/67,URL is unknown to Google,NEUTRAL,,,,INDEXING_STATE_UNSPECIFIED,,PAGE_FETCH_STATE_UNSPECIFIED
https://search.cqqvl.cc/tg/post/68,URL is unknown to Google,NEUTRAL,,,,INDEXING_STATE_UNSPECIFIED,,PAGE_FETCH_STATE_UNSPECIFIED
https://search.cqqvl.cc/tg/post/69,URL is unknown to Google,NEUTRAL,,,,INDEXING_STATE_UNSPECIFIED,,PAGE_FETCH_STATE_UNSPECIFIED
https://search.cqqvl.cc/tg/post/70,URL is unknown to Google,NEUTRAL,,,,INDEXING_STATE_UNSPECIFIED,,PAGE_FETCH_STATE_UNSPECIFIED
https://search.cqqvl.cc/tg/post/71,URL is unknown to Google,NEUTRAL,,,,INDEXING_STATE_UNSPECIFIED,,PAGE_FETCH_STATE_UNSPECIFIED
https://search.cqqvl.cc/tg/post/72,URL is unknown to Google,NEUTRAL,,,,INDEXING_STATE_UNSPECIFIED,,PAGE_FETCH_STATE_UNSPECIFIED
https://search.cqqvl.cc/tg/post/73,URL is unknown to Google,NEUTRAL,,,,INDEXING_STATE_UNSPECIFIED,,PAGE_FETCH_STATE_UNSPECIFIED
https://search.cqqvl.cc/tg/post/74,URL is unknown to Google,NEUTRAL,,,,INDEXING_STATE_UNSPECIFIED,,PAGE_FETCH_STATE_UNSPECIFIED
https://search.cqqvl.cc/tg/post/75,URL is unknown to Google,NEUTRAL,,,,INDEXING_STATE_UNSPECIFIED,,PAGE_FETCH_STATE_UNSPECIFIED
https://search.cqqvl.cc/tg/post/76,URL is unknown to Google,NEUTRAL,,,,INDEXING_STATE_UNSPECIFIED,,PAGE_FETCH_STATE_UNSPECIFIED
https://search.cqqvl.cc/tg/post/78,URL is unknown to Google,NEUTRAL,,,,INDEXING_STATE_UNSPECIFIED,,PAGE_FETCH_STATE_UNSPECIFIED
https://search.cqqvl.cc/tg/post/79,URL is unknown to Google,NEUTRAL,,,,INDEXING_STATE_UNSPECIFIED,,PAGE_FETCH_STATE_UNSPECIFIED
https://search.cqqvl.cc/tg/post/80,URL is unknown to Google,NEUTRAL,,,,INDEXING_STATE_UNSPECIFIED,,PAGE_FETCH_STATE_UNSPECIFIED
